diamond_id,lab
1,GIA
2,AGS
3,GIA
4,AGS
6,GIA
7,AGS
8,AGS
9,GIA
10,GIA
11,GIA
12,AGS
13,GIA
14,IGI
16,GIA
18,AGS
19,GIA
20,AGS
21,GIA
22,IGI
23,GIA
24,GIA
25,AGS
26,AGS
27,GIA
28,IGI
29,GIA
30,GIA
31,AGS
32,GIA
33,AGS
34,IGI
35,AGS
36,AGS
37,GIA
38,AGS
39,AGS
40,GIA
41,IGI
42,AGS
43,GIA
44,AGS
45,AGS
46,AGS
47,AGS
48,AGS
49,GIA
50,AGS
52,AGS
53,GIA
54,AGS
55,AGS
56,AGS
57,AGS
58,AGS
59,IGI
60,GIA
62,GIA
63,AGS
64,IGI
66,IGI
67,GIA
68,IGI
69,GIA
70,AGS
71,AGS
72,AGS
73,GIA
74,GIA
75,IGI
76,GIA
77,GIA
78,GIA
79,GIA
80,GIA
81,GIA
82,GIA
83,IGI
84,GIA
85,AGS
86,GIA
87,GIA
88,GIA
89,GIA
90,GIA
91,IGI
95,AGS
96,AGS
97,GIA
98,AGS
99,GIA
100,GIA
101,AGS
102,GIA
104,AGS
105,AGS
106,IGI
107,GIA
108,AGS
109,AGS
110,GIA
111,IGI
112,AGS
113,GIA
114,AGS
115,AGS
116,GIA
117,IGI
118,GIA
119,GIA
120,GIA
121,AGS
122,GIA
123,GIA
124,AGS
125,IGI
126,IGI
127,IGI
128,AGS
129,GIA
130,GIA
131,GIA
132,AGS
133,GIA
134,GIA
135,IGI
136,GIA
137,GIA
138,IGI
140,GIA
141,GIA
142,AGS
143,AGS
144,AGS
145,AGS
146,GIA
147,IGI
148,AGS
149,GIA
150,IGI
151,GIA
153,AGS
154,AGS
155,IGI
156,GIA
157,AGS
158,AGS
159,AGS
160,IGI
161,IGI
162,GIA
163,AGS
164,IGI
165,GIA
167,IGI
168,IGI
170,GIA
171,GIA
172,AGS
173,GIA
174,IGI
175,GIA
176,AGS
177,GIA
178,IGI
179,IGI
180,IGI
181,IGI
182,GIA
184,GIA
185,AGS
186,GIA
187,GIA
188,AGS
189,GIA
190,AGS
191,AGS
192,GIA
193,AGS
194,AGS
195,AGS
196,IGI
197,GIA
198,GIA
199,IGI
200,AGS
201,GIA
202,GIA
203,AGS
204,GIA
206,GIA
207,IGI
208,AGS
209,AGS
210,AGS
211,AGS
212,AGS
213,AGS
214,AGS
215,GIA
216,GIA
217,IGI
219,IGI
220,IGI
221,AGS
222,GIA
224,GIA
225,GIA
226,AGS
227,GIA
228,IGI
229,IGI
230,AGS
231,GIA
232,GIA
233,AGS
234,AGS
235,GIA
236,GIA
237,IGI
238,GIA
240,IGI
241,AGS
242,IGI
243,GIA
244,GIA
245,AGS
246,IGI
247,IGI
248,AGS
249,AGS
250,AGS
251,GIA
252,IGI
253,GIA
254,GIA
255,GIA
256,AGS
258,GIA
260,AGS
261,GIA
262,GIA
265,IGI
266,GIA
267,AGS
268,IGI
269,GIA
270,AGS
271,GIA
272,GIA
273,IGI
274,GIA
275,GIA
276,AGS
277,GIA
278,GIA
279,AGS
281,AGS
283,AGS
284,IGI
285,GIA
286,AGS
287,IGI
288,GIA
289,GIA
290,AGS
291,GIA
293,IGI
294,GIA
295,IGI
296,GIA
298,IGI
299,AGS
300,GIA
301,GIA
302,GIA
303,AGS
304,GIA
305,AGS
306,AGS
307,IGI
308,IGI
309,GIA
310,AGS
311,GIA
312,AGS
313,GIA
314,GIA
315,AGS
316,GIA
318,GIA
319,GIA
320,GIA
321,AGS
322,IGI
323,IGI
324,GIA
326,IGI
327,GIA
329,GIA
330,IGI
331,GIA
332,GIA
333,AGS
334,IGI
335,AGS
336,GIA
338,IGI
339,AGS
341,AGS
342,AGS
344,AGS
345,GIA
346,GIA
347,GIA
348,GIA
349,GIA
350,AGS
351,GIA
352,GIA
353,IGI
354,AGS
355,IGI
356,AGS
357,AGS
358,IGI
359,GIA
361,IGI
362,GIA
363,IGI
364,AGS
365,IGI
366,GIA
367,IGI
368,AGS
369,AGS
370,AGS
371,AGS
372,AGS
374,GIA
375,AGS
376,GIA
377,IGI
378,AGS
379,GIA
380,IGI
382,AGS
383,GIA
384,GIA
385,GIA
386,GIA
387,AGS
388,GIA
389,AGS
390,GIA
391,IGI
392,IGI
393,AGS
394,IGI
395,AGS
396,IGI
397,AGS
398,IGI
399,GIA
400,AGS
402,GIA
403,AGS
404,AGS
405,GIA
406,AGS
407,GIA
409,GIA
410,GIA
411,GIA
413,AGS
414,GIA
415,GIA
416,AGS
418,IGI
419,GIA
420,GIA
421,GIA
422,AGS
424,GIA
425,GIA
426,GIA
427,GIA
428,AGS
429,GIA
431,GIA
432,GIA
433,GIA
434,AGS
435,GIA
436,AGS
437,GIA
438,IGI
439,GIA
440,GIA
441,GIA
442,IGI
443,GIA
444,AGS
445,GIA
446,GIA
447,AGS
448,AGS
449,IGI
450,AGS
451,AGS
452,GIA
453,GIA
454,GIA
455,AGS
458,AGS
459,GIA
460,GIA
461,GIA
462,AGS
463,GIA
464,GIA
465,IGI
466,AGS
467,GIA
468,AGS
469,GIA
470,AGS
471,AGS
472,IGI
473,AGS
475,GIA
476,GIA
477,IGI
479,GIA
480,IGI
481,GIA
482,GIA
483,AGS
484,AGS
486,GIA
487,AGS
488,IGI
489,GIA
490,GIA
491,AGS
492,GIA
493,AGS
494,GIA
495,AGS
496,GIA
499,GIA
500,GIA
501,AGS
502,IGI
503,GIA
504,AGS
505,AGS
506,GIA
507,IGI
508,GIA
509,GIA
510,IGI
511,AGS
512,AGS
514,GIA
515,AGS
516,IGI
518,AGS
520,GIA
521,GIA
522,IGI
523,GIA
524,GIA
525,GIA
526,AGS
527,IGI
528,GIA
529,IGI
530,AGS
531,AGS
532,AGS
533,AGS
534,AGS
535,AGS
536,AGS
537,IGI
538,IGI
539,AGS
540,IGI
541,GIA
542,IGI
543,AGS
544,AGS
545,IGI
546,GIA
548,GIA
550,GIA
551,GIA
552,GIA
553,GIA
554,GIA
555,GIA
556,GIA
557,GIA
558,GIA
559,IGI
560,AGS
561,AGS
562,AGS
563,IGI
564,AGS
565,GIA
566,GIA
568,AGS
569,IGI
570,GIA
571,IGI
572,GIA
573,IGI
574,GIA
576,GIA
577,IGI
578,AGS
579,GIA
580,GIA
581,GIA
582,GIA
583,GIA
584,IGI
585,GIA
586,IGI
587,GIA
588,GIA
590,AGS
591,GIA
592,GIA
593,GIA
594,GIA
595,AGS
596,IGI
597,GIA
598,AGS
599,GIA
600,AGS
601,AGS
602,GIA
603,GIA
604,GIA
605,AGS
606,GIA
608,GIA
609,IGI
610,GIA
612,AGS
613,GIA
614,IGI
615,GIA
616,IGI
617,GIA
618,GIA
619,GIA
620,GIA
622,AGS
624,AGS
625,GIA
626,IGI
627,AGS
632,GIA
633,GIA
634,GIA
637,GIA
638,AGS
639,IGI
641,GIA
642,AGS
643,AGS
645,IGI
646,IGI
647,GIA
648,GIA
649,AGS
650,GIA
651,IGI
652,IGI
653,AGS
655,AGS
656,AGS
657,IGI
658,GIA
660,GIA
661,GIA
662,IGI
663,IGI
664,GIA
665,AGS
666,GIA
667,GIA
668,GIA
669,IGI
670,GIA
671,GIA
672,AGS
673,AGS
674,GIA
675,GIA
676,GIA
677,IGI
679,IGI
680,GIA
682,GIA
683,GIA
684,GIA
685,IGI
687,GIA
688,AGS
689,IGI
690,GIA
691,AGS
692,IGI
693,AGS
694,IGI
695,AGS
696,GIA
697,GIA
698,GIA
699,GIA
700,GIA
701,GIA
702,AGS
703,GIA
704,IGI
705,GIA
706,GIA
707,AGS
708,GIA
709,GIA
710,GIA
712,IGI
713,IGI
714,GIA
715,GIA
716,IGI
717,GIA
718,GIA
719,AGS
720,IGI
721,GIA
724,GIA
725,GIA
726,IGI
727,GIA
728,IGI
729,GIA
730,IGI
731,GIA
732,IGI
733,GIA
734,GIA
735,AGS
736,GIA
737,GIA
738,IGI
739,AGS
740,GIA
741,GIA
742,GIA
743,IGI
744,AGS
745,GIA
746,IGI
747,IGI
748,GIA
749,IGI
750,GIA
751,IGI
752,GIA
753,AGS
754,AGS
755,IGI
756,GIA
757,GIA
758,GIA
759,GIA
760,GIA
762,AGS
764,GIA
765,IGI
766,GIA
767,AGS
769,GIA
770,IGI
771,IGI
772,IGI
773,GIA
774,AGS
775,GIA
776,GIA
777,GIA
778,GIA
779,IGI
780,GIA
781,IGI
782,GIA
783,GIA
784,AGS
785,AGS
786,AGS
787,GIA
788,GIA
789,AGS
790,AGS
791,GIA
792,IGI
793,GIA
794,IGI
795,GIA
796,GIA
797,GIA
798,AGS
800,GIA
801,GIA
802,GIA
803,GIA
805,GIA
806,AGS
807,AGS
808,GIA
809,AGS
810,GIA
811,AGS
812,GIA
813,GIA
814,AGS
815,GIA
816,IGI
817,AGS
818,AGS
820,GIA
821,AGS
822,AGS
823,AGS
824,AGS
825,GIA
826,IGI
827,GIA
830,AGS
831,GIA
832,GIA
833,AGS
834,AGS
835,GIA
836,AGS
837,GIA
838,AGS
839,GIA
840,GIA
841,GIA
842,GIA
843,GIA
844,GIA
845,AGS
846,GIA
847,GIA
848,AGS
849,GIA
850,GIA
851,AGS
852,AGS
855,GIA
856,GIA
857,GIA
858,AGS
859,GIA
860,IGI
861,GIA
862,AGS
863,IGI
864,GIA
865,AGS
866,GIA
867,AGS
868,AGS
869,AGS
870,IGI
872,GIA
873,AGS
874,AGS
875,IGI
876,GIA
877,AGS
878,GIA
879,GIA
880,GIA
883,AGS
884,GIA
885,GIA
886,GIA
887,AGS
888,AGS
889,GIA
890,GIA
891,GIA
892,GIA
893,IGI
894,GIA
895,AGS
896,GIA
897,IGI
899,GIA
900,GIA
901,IGI
902,GIA
903,AGS
904,AGS
905,AGS
906,GIA
908,GIA
909,GIA
912,IGI
913,IGI
914,GIA
915,GIA
916,GIA
917,AGS
918,IGI
919,GIA
920,GIA
921,AGS
922,AGS
923,IGI
924,IGI
925,AGS
926,GIA
927,GIA
928,AGS
929,GIA
930,AGS
931,AGS
932,AGS
933,GIA
935,IGI
936,GIA
937,GIA
938,AGS
939,GIA
940,GIA
942,IGI
944,IGI
945,GIA
946,GIA
948,GIA
949,AGS
950,AGS
951,GIA
952,IGI
953,GIA
954,AGS
955,GIA
956,GIA
957,AGS
959,GIA
960,GIA
961,AGS
962,GIA
963,GIA
964,GIA
965,GIA
966,GIA
967,IGI
968,AGS
969,AGS
970,IGI
971,AGS
972,GIA
973,AGS
974,GIA
975,IGI
976,AGS
977,IGI
978,GIA
979,AGS
980,GIA
981,GIA
982,AGS
983,GIA
984,GIA
985,GIA
986,AGS
987,AGS
988,AGS
989,GIA
990,AGS
991,GIA
992,AGS
993,AGS
995,AGS
996,AGS
997,GIA
998,IGI
999,GIA
1000,AGS
